Workbook

Sheet Committee Roster
A1: Velsanet Research Institute — Preparatory Committee Roster
A2: Non-remunerated, intent-only basis. All submitted invitations are public by default.
A4: No. | B4: Name | C4: Affiliation | D4: Track / Group | E4: Position No(s). | F4: Role | G4: Effective Date | H4: Confirm Method | I4: Confirm Text / Evidence | J4: Confirm Date/Time | K4: Status
A5: 1 | B5: Eduardo Filho | D5: Ⅳ Standardization & Governance | E5: 11 | F5: Reviewer / Contributing Member | G5: 2026-06-13 | H5: LinkedIn DM | I5: "I confirm my participation in the preparatory Committee as described above" | J5: 2026-06-13 20:03 KST | K5: Confirmed
A6: =IF(B8="","",ROW()-4)
A7: =IF(B9="","",ROW()-4)
A8: =IF(B10="","",ROW()-4)
A9: =IF(B11="","",ROW()-4)
A10: =IF(B12="","",ROW()-4)
A11: =IF(B13="","",ROW()-4)

Sheet Position Map
A1: Areas of Participation — 23 Positions
A3: Group | B3: No. | C3: Position | D3: Filled By
A4: Ⅰ Substrate — Physical Layer | B4: 1 | C4: Network Engineer — topology design and configuration | D4: =IFERROR(INDEX('Committee Roster'!$B$5:$B$50,MATCH(TRUE(),ISNUMBER(SEARCH(","&1&",",","&'Committee Roster'!$E$5:$E$50&",")),0)),"")
A5: Ⅰ Substrate — Physical Layer | B5: 2 | C5: Mathematician — topology / graph theory (A = f(T)) | D5: =IFERROR(INDEX('Committee Roster'!$B$5:$B$50,MATCH(TRUE(),ISNUMBER(SEARCH(","&2&",",","&'Committee Roster'!$E$5:$E$50&",")),0)),"")
A6: Ⅰ Substrate — Physical Layer | B6: 3 | C6: Network Hardware Designer — node and equipment design | D6: =IFERROR(INDEX('Committee Roster'!$B$5:$B$50,MATCH(TRUE(),ISNUMBER(SEARCH(","&3&",",","&'Committee Roster'!$E$5:$E$50&",")),0)),"")
A7: Ⅰ Substrate — Physical Layer | B7: 4 | C7: Optical Component Engineer — optical devices and transceivers | D7: =IFERROR(INDEX('Committee Roster'!$B$5:$B$50,MATCH(TRUE(),ISNUMBER(SEARCH(","&4&",",","&'Committee Roster'!$E$5:$E$50&",")),0)),"")
A8: Ⅰ Substrate — Physical Layer | B8: 5 | C8: Microfabrication (MEMS / Packaging) Engineer | D8: =IFERROR(INDEX('Committee Roster'!$B$5:$B$50,MATCH(TRUE(),ISNUMBER(SEARCH(","&5&",",","&'Committee Roster'!$E$5:$E$50&",")),0)),"")
A9: Ⅰ Substrate — Physical Layer | B9: 6 | C9: Optical Transmission / Systems Engineer — multi-core, 800 Gbps/core | D9: =IFERROR(INDEX('Committee Roster'!$B$5:$B$50,MATCH(TRUE(),ISNUMBER(SEARCH(","&6&",",","&'Committee Roster'!$E$5:$E$50&",")),0)),"")
A10: Ⅰ Substrate — Physical Layer | B10: 7 | C10: Embedded / FPGA · ASIC Engineer — PAI at hardware speed | D10: =IFERROR(INDEX('Committee Roster'!$B$5:$B$50,MATCH(TRUE(),ISNUMBER(SEARCH(","&7&",",","&'Committee Roster'!$E$5:$E$50&",")),0)),"")
A11: Ⅱ Intelligence | B11: 8 | C11: Network AI Systems Architect — PAI/AAI/AsAI, Cognition Cube | D11: =IFERROR(INDEX('Committee Roster'!$B$5:$B$50,MATCH(TRUE(),ISNUMBER(SEARCH(","&8&",",","&'Committee Roster'!$E$5:$E$50&",")),0)),"")
A12: Ⅲ Verification | B12: 9 | C12: Testbed / Verification Engineer — instrumentation, conformance testing | D12: =IFERROR(INDEX('Committee Roster'!$B$5:$B$50,MATCH(TRUE(),ISNUMBER(SEARCH(","&9&",",","&'Committee Roster'!$E$5:$E$50&",")),0)),"")
A13: Ⅳ Standardization & Governance | B13: 10 | C13: ITU-T Standardization — led by Meta-Architect (Changho Song); contribution support welcome | D13: Changho Song (lead)
A14: Ⅳ Standardization & Governance | B14: 11 | C14: Governance / Accountability Architecture — WP18 / WP21 | D14: ='Committee Roster'!B5 -> Eduardo Filho
A15: Ⅴ Operations & Partnership | B15: 12 | C15: Operations — establishment, legal operation, policy, administration | D15: =IFERROR(INDEX('Committee Roster'!$B$5:$B$50,MATCH(TRUE(),ISNUMBER(SEARCH(","&12&",",","&'Committee Roster'!$E$5:$E$50&",")),0)),"")
A16: Ⅴ Operations & Partnership | B16: 13 | C16: SIG Model / Conformance Business — qualification, fees, royalty | D16: =IFERROR(INDEX('Committee Roster'!$B$5:$B$50,MATCH(TRUE(),ISNUMBER(SEARCH(","&13&",",","&'Committee Roster'!$E$5:$E$50&",")),0)),"")
A17: Ⅴ Operations & Partnership | B17: 14 | C17: Partnership & Collaboration — domestic/international, joint research | D17: =IFERROR(INDEX('Committee Roster'!$B$5:$B$50,MATCH(TRUE(),ISNUMBER(SEARCH(","&14&",",","&'Committee Roster'!$E$5:$E$50&",")),0)),"")
A18: Regional Liaison | B18: 15 | C18: Africa | D18: =IFERROR(INDEX('Committee Roster'!$B$5:$B$50,MATCH(TRUE(),ISNUMBER(SEARCH(","&15&",",","&'Committee Roster'!$E$5:$E$50&",")),0)),"")
A19: Regional Liaison | B19: 16 | C19: Asia | D19: =IFERROR(INDEX('Committee Roster'!$B$5:$B$50,MATCH(TRUE(),ISNUMBER(SEARCH(","&16&",",","&'Committee Roster'!$E$5:$E$50&",")),0)),"")
A20: Regional Liaison | B20: 17 | C20: Europe | D20: =IFERROR(INDEX('Committee Roster'!$B$5:$B$50,MATCH(TRUE(),ISNUMBER(SEARCH(","&17&",",","&'Committee Roster'!$E$5:$E$50&",")),0)),"")
A21: Regional Liaison | B21: 18 | C21: North America | D21: =IFERROR(INDEX('Committee Roster'!$B$5:$B$50,MATCH(TRUE(),ISNUMBER(SEARCH(","&18&",",","&'Committee Roster'!$E$5:$E$50&",")),0)),"")
A22: Regional Liaison | B22: 19 | C22: South America | D22: =IFERROR(INDEX('Committee Roster'!$B$5:$B$50,MATCH(TRUE(),ISNUMBER(SEARCH(","&19&",",","&'Committee Roster'!$E$5:$E$50&",")),0)),"")
A23: Regional Liaison | B23: 20 | C23: Oceania | D23: =IFERROR(INDEX('Committee Roster'!$B$5:$B$50,MATCH(TRUE(),ISNUMBER(SEARCH(","&20&",",","&'Committee Roster'!$E$5:$E$50&",")),0)),"")
A24: Ⅵ Residency & Research Environment | B24: 21 | C24: Living Infrastructure — housing and meals | D24: =IFERROR(INDEX('Committee Roster'!$B$5:$B$50,MATCH(TRUE(),ISNUMBER(SEARCH(","&21&",",","&'Committee Roster'!$E$5:$E$50&",")),0)),"")
A25: Ⅵ Residency & Research Environment | B25: 22 | C25: Language — English working language; EN/KO education | D25: =IFERROR(INDEX('Committee Roster'!$B$5:$B$50,MATCH(TRUE(),ISNUMBER(SEARCH(","&22&",",","&'Committee Roster'!$E$5:$E$50&",")),0)),"")
A26: Ⅵ Residency & Research Environment | B26: 23 | C26: Interpretation & Translation (KO/EN) | D26: =IFERROR(INDEX('Committee Roster'!$B$5:$B$50,MATCH(TRUE(),ISNUMBER(SEARCH(","&23&",",","&'Committee Roster'!$E$5:$E$50&",")),0)),"")
A27: Ⅶ Culture & Space | B27: 24 | C27: Artist — creative direction and works for the institute | D27: =IFERROR(INDEX('Committee Roster'!$B$5:$B$50,MATCH(TRUE(),ISNUMBER(SEARCH(","&24&",",","&'Committee Roster'!$E$5:$E$50&",")),0)),"")
A28: Ⅶ Culture & Space | B28: 25 | C28: Color Master — color and tonal direction | D28: =IFERROR(INDEX('Committee Roster'!$B$5:$B$50,MATCH(TRUE(),ISNUMBER(SEARCH(","&25&",",","&'Committee Roster'!$E$5:$E$50&",")),0)),"")
A29: Ⅶ Culture & Space | B29: 26 | C29: Photographer & Storyteller — visual record and narrative of the institute | D29: =IFERROR(INDEX('Committee Roster'!$B$5:$B$50,MATCH(TRUE(),ISNUMBER(SEARCH(","&26&",",","&'Committee Roster'!$E$5:$E$50&",")),0)),"")
A30: Ⅷ Mobile Communications / RAN | B30: 27 | C30: RU / Radio Unit Designer — 6G RAN radio access, multi-user physical mapping (WP22/WP23) | D30: =IFERROR(INDEX('Committee Roster'!$B$5:$B$50,MATCH(TRUE(),ISNUMBER(SEARCH(","&27&",",","&'Committee Roster'!$E$5:$E$50&",")),0)),"")
A31: Ⅷ Mobile Communications / RAN | B31: 28 | C31: RF / Antenna Engineer — RF & antenna design | D31: =IFERROR(INDEX('Committee Roster'!$B$5:$B$50,MATCH(TRUE(),ISNUMBER(SEARCH(","&28&",",","&'Committee Roster'!$E$5:$E$50&",")),0)),"")
A32: Ⅷ Mobile Communications / RAN | B32: 29 | C32: RAN Systems / L1 Engineer — physical-layer signal processing, H6 RAN architecture | D32: =IFERROR(INDEX('Committee Roster'!$B$5:$B$50,MATCH(TRUE(),ISNUMBER(SEARCH(","&29&",",","&'Committee Roster'!$E$5:$E$50&",")),0)),"")
A33: Ⅸ Optical Access | B33: 30 | C33: Optical Access / Cabling Engineer — ribbon-cable & connector splicing, deployment | D33: ✅ filled

Sheet Partner Institutions
A1: Partner Institutions — Commissioning Plan
A2: Formal commissioning (발주) to take place after incorporation of the operating entity.
A4: Institution | B4: Scope of Work | C4: Basis / Prior Engagement | D4: Status | E4: Notes
A5: Soosung Engineering (수성엔지니어링) | B5: Architecture & engineering design; construction supervision | C5: Produced design drawings for the future-city and next-generation intersection concepts | D5: To be commissioned upon incorporation | E5: Existing design collaboration
A6: GS E&C (GS건설) | B6: Modular residential housing for the research campus | C6: Expressed interest in providing modular housing | D6: To be commissioned upon incorporation | E6: Interest expressed by GS E&C

Sheet Summary
A1: Committee Summary
A3: Total Positions | B3: =COUNTA('Position Map'!C4:C33) -> 30
A4: Confirmed Members | B4: =COUNTIF('Committee Roster'!K5:K50,"Confirmed") -> 1
A5: Positions Filled | B5: =SUMPRODUCT(--(LEN('Position Map'!D4:D33)>0)) -> 3
A6: Open Positions | B6: =B3-B5 -> 27
